{
  "selected_params": {
    "model__n_neighbors": 61,
    "model__weights": "uniform",
    "model__p": 1
  },
  "best_mean_cv_accuracy": 0.849123825571839,
  "holdout_metrics": {
    "accuracy": 0.8481868469575906,
    "error_rate": 0.1518131530424094,
    "balanced_accuracy": 0.7735378108733372,
    "precision_positive": 0.7080344332855093,
    "recall_positive": 0.6294642857142857,
    "f1_positive": 0.6664415935178933,
    "roc_auc": 0.902150293315707
  },
  "holdout_confusion_matrix": {
    "pred_<=50K": {
      "actual_<=50K": 4533,
      "actual_>50K": 581
    },
    "pred_>50K": {
      "actual_<=50K": 407,
      "actual_>50K": 987
    }
  }
}