model,selection_hyperparameter,selected_value,accuracy,error_rate,balanced_accuracy,precision_positive,recall_positive,sensitivity,specificity,f1_positive,roc_auc
kNN,"k, weights, p","{""model__n_neighbors"": 61, ""model__p"": 1, ""model__weights"": ""uniform""}",0.8481868469575906,0.1518131530424094,0.7735378108733372,0.7080344332855093,0.6294642857142857,0.6294642857142857,0.9176113360323886,0.6664415935178933,0.902150293315707
Linear SVM,C,"{""model__C"": 0.03}",0.8488014751075599,0.15119852489244012,0.7587062608444188,0.7336,0.5848214285714286,0.5848214285714286,0.932591093117409,0.6508161816891412,0.8972304129141534
Logistic Regression,C,"{""model__C"": 0.3}",0.8504917025199754,0.1495082974800246,0.7639552177146163,0.7329678935003915,0.5969387755102041,0.5969387755102041,0.9309716599190283,0.6579964850615114,0.8975643951912748
